{"stats":{"minecraft:custom":{"minecraft:jump":69,"minecraft:time_since_rest":10357,"minecraft:play_one_minute":10357,"minecraft:crouch_one_cm":226,"minecraft:leave_game":4,"minecraft:sprint_one_cm":17372,"minecraft:time_since_death":10357,"minecraft:walk_on_water_one_cm":7114,"minecraft:walk_one_cm":4448,"minecraft:sneak_time":216,"minecraft:walk_under_water_one_cm":9170,"minecraft:swim_one_cm":1276,"minecraft:drop":1,"minecraft:fly_one_cm":83666},"minecraft:dropped":{"magforest:derevo":1},"minecraft:picked_up":{"magforest:derevo":1,"minecraft:wheat_seeds":1},"minecraft:used":{"minecraft:grass_block":3}},"DataVersion":2586}