{
  "minecraft:recipes/transportation/acacia_boat": {
    "criteria": {
      "in_water": "2021-09-26 11:39:22 +0300"
    },
    "done": true
  },
  "minecraft:recipes/transportation/oak_boat": {
    "criteria": {
      "in_water": "2021-09-26 11:39:22 +0300"
    },
    "done": true
  },
  "minecraft:recipes/transportation/dark_oak_boat": {
    "criteria": {
      "in_water": "2021-09-26 11:39:22 +0300"
    },
    "done": true
  },
  "minecraft:recipes/transportation/birch_boat": {
    "criteria": {
      "in_water": "2021-09-26 11:39:22 +0300"
    },
    "done": true
  },
  "minecraft:recipes/transportation/jungle_boat": {
    "criteria": {
      "in_water": "2021-09-26 11:39:22 +0300"
    },
    "done": true
  },
  "minecraft:recipes/transportation/spruce_boat": {
    "criteria": {
      "in_water": "2021-09-26 11:39:22 +0300"
    },
    "done": true
  },
  "minecraft:adventure/adventuring_time": {
    "criteria": {
      "minecraft:forest": "2021-09-26 08:17:38 +0300",
      "minecraft:birch_forest": "2021-09-26 11:40:20 +0300",
      "minecraft:dark_forest": "2021-09-26 11:39:20 +0300",
      "minecraft:river": "2021-09-26 10:26:00 +0300",
      "minecraft:swamp": "2021-09-26 11:39:30 +0300",
      "minecraft:plains": "2021-09-26 11:38:48 +0300"
    },
    "done": false
  },
  "DataVersion": 2586
}